Transaction_ID,Date,Store_ID,Product_ID,Product_Category,Units_Sold,Unit_Price,Customer_Age,Customer_Gender,Payment_Method,Total_Sales
1001,2025-01-01,S003,P1001,Groceries,13,6539,35,Male,Debit Card,85007
1002,2025-01-01,S004,P1001,Clothing,8,22885,69,Male,UPI,183080
1003,2025-01-01,S001,P1001,Groceries,9,13492,33,Female,Credit Card,121428
1004,2025-01-01,S003,P5001,Groceries,7,28769,25,Male,Cash,201383
1005,2025-01-01,S003,P4001,Clothing,11,29039,50,Female,Cash,319429
1006,2025-01-01,S004,P5001,Furniture,1,2382,66,Female,Debit Card,2382
1007,2025-01-01,S001,P4001,Electronics,13,34724,29,Female,UPI,451412
1008,2025-01-01,S001,P5001,Furniture,3,48538,28,Male,Debit Card,145614
1009,2025-01-01,S003,P5001,Clothing,8,24464,22,Male,UPI,195712
1010,2025-01-01,S002,P3001,Electronics,3,2098,44,Female,UPI,6294
1011,2025-01-01,S003,P5001,Clothing,8,31805,29,Male,Debit Card,254440
1012,2025-01-01,S003,P2001,Clothing,1,38344,34,Male,Credit Card,38344
1013,2025-01-01,S003,P3001,Groceries,5,9528,23,Female,Debit Card,47640
1014,2025-01-01,S003,P5001,Electronics,4,37537,50,Female,Debit Card,150148
1015,2025-01-01,S004,P1001,Groceries,5,12436,22,Male,Cash,62180
1016,2025-01-01,S001,P2001,Electronics,8,9442,45,Female,Cash,75536
1017,2025-01-01,S004,P2001,Clothing,10,39932,31,Female,Debit Card,399320
1018,2025-01-01,S004,P2001,Clothing,14,7546,22,Female,Debit Card,105644
1019,2025-01-01,S004,P3001,Furniture,4,38492,50,Male,Cash,153968
1020,2025-01-01,S003,P5001,Electronics,11,7561,67,Male,UPI,83171
1021,2025-01-01,S002,P5001,Groceries,4,34687,65,Male,Debit Card,138748
1022,2025-01-01,S001,P1001,Furniture,3,10616,58,Female,Credit Card,31848
1023,2025-01-01,S002,P1001,Furniture,7,13849,36,Male,Credit Card,96943
1024,2025-01-01,S004,P2001,Furniture,3,17614,39,Female,Credit Card,52842
1025,2025-01-02,S004,P1001,Groceries,12,35526,22,Male,Debit Card,426312
1026,2025-01-02,S002,P3001,Furniture,3,36368,19,Male,UPI,109104
1027,2025-01-02,S002,P5001,Groceries,11,25050,47,Female,UPI,275550
1028,2025-01-02,S002,P2001,Furniture,10,34988,64,Male,Cash,349880
1029,2025-01-02,S004,P1001,Groceries,5,36888,56,Female,Debit Card,184440
1030,2025-01-02,S004,P3001,Clothing,5,10313,21,Male,UPI,51565
1031,2025-01-02,S001,P3001,Clothing,14,36127,50,Male,Debit Card,505778
1032,2025-01-02,S001,P1001,Clothing,6,28111,30,Female,Cash,168666
1033,2025-01-02,S004,P5001,Clothing,8,42949,37,Female,Cash,343592
1034,2025-01-02,S002,P1001,Clothing,10,34691,24,Female,Cash,346910
1035,2025-01-02,S002,P2001,Furniture,6,17958,32,Male,Credit Card,107748
1036,2025-01-02,S001,P1001,Furniture,12,18726,40,Male,Debit Card,224712
1037,2025-01-02,S004,P3001,Furniture,1,13567,31,Male,Cash,13567
1038,2025-01-02,S001,P1001,Groceries,8,39858,40,Female,Debit Card,318864
1039,2025-01-02,S001,P5001,Groceries,8,3234,36,Female,Credit Card,25872
1040,2025-01-02,S003,P4001,Groceries,9,16843,46,Female,Credit Card,151587
1041,2025-01-02,S003,P1001,Groceries,9,15534,37,Male,Cash,139806
1042,2025-01-02,S003,P5001,Clothing,2,47875,46,Male,Cash,95750
1043,2025-01-02,S002,P5001,Clothing,2,10333,41,Female,UPI,20666
1044,2025-01-02,S004,P3001,Clothing,3,49246,35,Male,Debit Card,147738
1045,2025-01-02,S004,P5001,Electronics,1,1241,27,Female,Cash,1241
1046,2025-01-02,S004,P5001,Furniture,4,18119,58,Male,UPI,72476
1047,2025-01-02,S004,P5001,Groceries,14,20484,25,Male,Debit Card,286776
1048,2025-01-02,S003,P5001,Groceries,4,43003,43,Female,Cash,172012
1049,2025-01-03,S002,P2001,Clothing,14,45834,46,Male,UPI,641676
1050,2025-01-03,S002,P2001,Groceries,9,36229,27,Male,UPI,326061
1051,2025-01-03,S003,P3001,Groceries,9,23067,34,Female,Debit Card,207603
1052,2025-01-03,S002,P1001,Furniture,9,40703,19,Female,UPI,366327
1053,2025-01-03,S003,P5001,Clothing,10,11272,23,Male,Debit Card,112720
1054,2025-01-03,S004,P1001,Furniture,7,16490,22,Female,Debit Card,115430
1055,2025-01-03,S003,P1001,Electronics,14,3367,45,Male,Debit Card,47138
1056,2025-01-03,S004,P3001,Electronics,2,39432,58,Female,Credit Card,78864
1057,2025-01-03,S004,P5001,Electronics,10,26267,22,Male,UPI,262670
1058,2025-01-03,S001,P5001,Clothing,5,21412,35,Male,Debit Card,107060
1059,2025-01-03,S003,P4001,Groceries,4,27940,43,Female,Cash,111760
1060,2025-01-03,S001,P1001,Clothing,12,19090,37,Male,Credit Card,229080
1061,2025-01-03,S003,P1001,Clothing,11,44279,58,Male,Credit Card,487069
1062,2025-01-03,S003,P2001,Groceries,8,6006,66,Female,UPI,48048
1063,2025-01-03,S001,P4001,Furniture,2,48896,44,Female,Debit Card,97792
1064,2025-01-03,S001,P2001,Electronics,6,40479,66,Male,UPI,242874
1065,2025-01-03,S003,P2001,Furniture,13,17397,29,Female,Credit Card,226161
1066,2025-01-03,S002,P2001,Electronics,5,2111,24,Female,Debit Card,10555
1067,2025-01-03,S004,P3001,Clothing,12,44114,20,Male,Cash,529368
1068,2025-01-03,S001,P3001,Electronics,2,46658,27,Male,Debit Card,93316
1069,2025-01-03,S004,P2001,Clothing,11,11838,51,Female,Credit Card,130218
1070,2025-01-03,S002,P4001,Furniture,10,28897,42,Female,Cash,288970
1071,2025-01-03,S002,P1001,Clothing,1,47598,52,Female,Debit Card,47598
1072,2025-01-03,S002,P4001,Furniture,8,11220,33,Male,Cash,89760
1073,2025-01-04,S001,P5001,Groceries,2,8867,19,Male,Cash,17734
1074,2025-01-04,S002,P3001,Groceries,7,22952,41,Male,Credit Card,160664
1075,2025-01-04,S001,P1001,Groceries,9,13803,27,Male,Cash,124227
1076,2025-01-04,S002,P1001,Clothing,9,1029,55,Male,UPI,9261
1077,2025-01-04,S004,P5001,Groceries,8,12051,39,Male,Credit Card,96408
1078,2025-01-04,S004,P5001,Electronics,11,26139,43,Male,UPI,287529
1079,2025-01-04,S003,P2001,Furniture,14,48713,60,Female,Cash,681982
1080,2025-01-04,S004,P3001,Furniture,12,29604,56,Female,UPI,355248
1081,2025-01-04,S003,P3001,Electronics,10,17538,44,Male,Debit Card,175380
1082,2025-01-04,S004,P4001,Clothing,9,48615,46,Male,Cash,437535
1083,2025-01-04,S001,P2001,Clothing,2,5844,64,Male,Debit Card,11688
1084,2025-01-04,S004,P2001,Furniture,6,18384,55,Female,UPI,110304
1085,2025-01-04,S003,P2001,Groceries,4,42517,37,Male,Debit Card,170068
1086,2025-01-04,S003,P2001,Clothing,14,39848,44,Female,Cash,557872
1087,2025-01-04,S002,P3001,Clothing,4,7169,58,Female,Debit Card,28676
1088,2025-01-04,S001,P3001,Electronics,5,42459,37,Female,UPI,212295
1089,2025-01-04,S004,P2001,Electronics,12,19899,61,Female,UPI,238788
1090,2025-01-04,S002,P4001,Groceries,3,33310,36,Female,UPI,99930
1091,2025-01-04,S004,P1001,Clothing,14,28326,37,Male,Cash,396564
1092,2025-01-04,S004,P1001,Clothing,1,4752,52,Male,UPI,4752
1093,2025-01-04,S002,P4001,Electronics,8,24423,64,Female,Cash,195384
1094,2025-01-04,S002,P2001,Clothing,5,42238,19,Male,Debit Card,211190
1095,2025-01-04,S002,P3001,Furniture,3,7697,47,Female,UPI,23091
1096,2025-01-04,S002,P1001,Electronics,10,47193,51,Female,Debit Card,471930
1097,2025-01-05,S002,P5001,Groceries,14,37326,39,Male,Credit Card,522564
1098,2025-01-05,S004,P5001,Electronics,7,6691,20,Male,Debit Card,46837
1099,2025-01-05,S002,P4001,Clothing,7,49214,23,Male,Credit Card,344498
1100,2025-01-05,S001,P2001,Groceries,1,25933,32,Male,Debit Card,25933
1101,2025-01-05,S003,P1001,Electronics,12,11926,44,Male,Cash,143112
1102,2025-01-05,S002,P2001,Furniture,9,26517,27,Female,Debit Card,238653
1103,2025-01-05,S002,P1001,Furniture,2,18793,26,Male,Cash,37586
1104,2025-01-05,S004,P4001,Electronics,5,14238,50,Male,Cash,71190
1105,2025-01-05,S002,P4001,Furniture,13,2269,49,Male,UPI,29497
1106,2025-01-05,S002,P5001,Furniture,14,18656,65,Female,Cash,261184
1107,2025-01-05,S002,P2001,Furniture,5,22152,23,Male,Credit Card,110760
1108,2025-01-05,S004,P5001,Groceries,14,6413,58,Female,UPI,89782
1109,2025-01-05,S002,P2001,Furniture,8,8415,53,Male,UPI,67320
1110,2025-01-05,S003,P5001,Furniture,14,8136,19,Male,Debit Card,113904
1111,2025-01-05,S004,P3001,Furniture,8,31878,46,Female,Cash,255024
1112,2025-01-05,S003,P3001,Groceries,14,27834,21,Male,Cash,389676
1113,2025-01-05,S004,P3001,Electronics,7,23273,18,Male,Credit Card,162911
1114,2025-01-05,S002,P3001,Clothing,7,30503,36,Female,Debit Card,213521
1115,2025-01-05,S003,P1001,Furniture,12,885,43,Male,Debit Card,10620
1116,2025-01-05,S004,P3001,Electronics,11,6239,42,Female,UPI,68629
1117,2025-01-05,S001,P4001,Furniture,6,6444,27,Female,UPI,38664
1118,2025-01-05,S002,P4001,Groceries,6,18900,32,Female,UPI,113400
1119,2025-01-05,S004,P1001,Electronics,11,25472,39,Female,Credit Card,280192
1120,2025-01-05,S001,P3001,Groceries,9,20638,68,Female,Credit Card,185742
1121,2025-01-06,S004,P3001,Furniture,6,15073,65,Male,UPI,90438
1122,2025-01-06,S001,P3001,Furniture,12,5719,38,Male,Debit Card,68628
1123,2025-01-06,S002,P5001,Groceries,13,34804,39,Male,Credit Card,452452
1124,2025-01-06,S003,P2001,Clothing,13,36675,53,Female,Debit Card,476775
1125,2025-01-06,S001,P5001,Groceries,2,40019,51,Female,Debit Card,80038
1126,2025-01-06,S004,P2001,Furniture,2,42361,47,Female,Cash,84722
1127,2025-01-06,S002,P3001,Groceries,13,45223,42,Female,UPI,587899
1128,2025-01-06,S001,P3001,Clothing,5,27816,62,Male,Cash,139080
1129,2025-01-06,S004,P5001,Groceries,4,3336,45,Male,UPI,13344
1130,2025-01-06,S004,P5001,Clothing,11,15948,18,Female,UPI,175428
1131,2025-01-06,S004,P2001,Clothing,2,2452,66,Female,Debit Card,4904
1132,2025-01-06,S001,P4001,Groceries,3,2032,62,Male,UPI,6096
1133,2025-01-06,S001,P2001,Groceries,7,11013,21,Female,Debit Card,77091
1134,2025-01-06,S001,P5001,Electronics,8,8656,24,Female,Debit Card,69248
1135,2025-01-06,S003,P5001,Furniture,12,21400,66,Female,UPI,256800
1136,2025-01-06,S001,P1001,Clothing,13,5598,26,Male,Debit Card,72774
1137,2025-01-06,S001,P5001,Electronics,6,10682,53,Male,Debit Card,64092
1138,2025-01-06,S001,P1001,Groceries,11,46733,36,Female,Debit Card,514063
1139,2025-01-06,S003,P4001,Furniture,5,9669,18,Male,Credit Card,48345
1140,2025-01-06,S001,P2001,Electronics,13,4957,27,Female,Debit Card,64441
1141,2025-01-06,S004,P2001,Clothing,1,440,53,Female,Credit Card,440
1142,2025-01-06,S001,P1001,Electronics,8,44049,26,Male,Credit Card,352392
1143,2025-01-06,S004,P2001,Clothing,3,16866,62,Female,Debit Card,50598
1144,2025-01-06,S004,P5001,Groceries,6,26232,63,Female,Debit Card,157392
1145,2025-01-07,S004,P3001,Furniture,3,8591,59,Male,Credit Card,25773
1146,2025-01-07,S003,P1001,Furniture,7,238,49,Female,Credit Card,1666
1147,2025-01-07,S003,P2001,Furniture,13,458,49,Female,Debit Card,5954
1148,2025-01-07,S003,P1001,Groceries,14,9814,23,Female,Debit Card,137396
1149,2025-01-07,S001,P1001,Clothing,7,19940,65,Male,UPI,139580
1150,2025-01-07,S004,P3001,Groceries,12,34495,55,Female,Credit Card,413940
1151,2025-01-07,S003,P5001,Furniture,9,30754,34,Male,Credit Card,276786
1152,2025-01-07,S003,P1001,Groceries,5,25979,27,Female,UPI,129895
1153,2025-01-07,S001,P2001,Groceries,8,16096,67,Female,Credit Card,128768
1154,2025-01-07,S003,P4001,Groceries,10,37872,44,Female,Cash,378720
1155,2025-01-07,S001,P1001,Clothing,10,26862,67,Female,Credit Card,268620
1156,2025-01-07,S002,P1001,Electronics,8,13383,52,Male,UPI,107064
1157,2025-01-07,S003,P3001,Electronics,1,39520,69,Male,Cash,39520
1158,2025-01-07,S002,P5001,Groceries,12,19654,38,Female,Debit Card,235848
1159,2025-01-07,S001,P4001,Electronics,5,20319,42,Female,UPI,101595
1160,2025-01-07,S004,P2001,Electronics,3,35019,45,Female,UPI,105057
1161,2025-01-07,S003,P4001,Groceries,1,9529,64,Female,Debit Card,9529
1162,2025-01-07,S001,P2001,Groceries,4,46940,32,Female,UPI,187760
1163,2025-01-07,S004,P5001,Furniture,8,44795,21,Female,Credit Card,358360
1164,2025-01-07,S004,P2001,Electronics,3,39773,46,Female,Debit Card,119319
1165,2025-01-07,S002,P3001,Clothing,10,19318,26,Female,UPI,193180
1166,2025-01-07,S001,P3001,Groceries,2,12552,44,Male,Debit Card,25104
1167,2025-01-07,S004,P3001,Furniture,11,49080,43,Male,Debit Card,539880
1168,2025-01-07,S003,P3001,Clothing,9,19051,36,Male,Debit Card,171459
1169,2025-01-08,S003,P4001,Electronics,10,1407,45,Female,Cash,14070
1170,2025-01-08,S002,P5001,Furniture,5,14952,34,Female,UPI,74760
1171,2025-01-08,S004,P2001,Groceries,14,25332,60,Female,Cash,354648
1172,2025-01-08,S001,P2001,Clothing,7,35528,58,Male,UPI,248696
1173,2025-01-08,S003,P3001,Groceries,11,43271,59,Female,Credit Card,475981
1174,2025-01-08,S004,P3001,Electronics,11,26585,67,Male,Credit Card,292435
1175,2025-01-08,S004,P1001,Clothing,2,10338,37,Female,Credit Card,20676
1176,2025-01-08,S002,P5001,Electronics,9,39075,62,Male,UPI,351675
1177,2025-01-08,S003,P4001,Electronics,13,1240,57,Male,Debit Card,16120
1178,2025-01-08,S003,P2001,Furniture,9,24942,56,Male,Debit Card,224478
1179,2025-01-08,S001,P1001,Groceries,4,26521,66,Female,Cash,106084
1180,2025-01-08,S003,P1001,Clothing,4,1808,40,Male,Cash,7232
1181,2025-01-08,S001,P2001,Electronics,6,3730,64,Female,Credit Card,22380
1182,2025-01-08,S003,P4001,Electronics,10,19695,49,Female,Cash,196950
1183,2025-01-08,S002,P1001,Clothing,10,10585,69,Female,UPI,105850
1184,2025-01-08,S003,P1001,Electronics,10,28408,64,Female,UPI,284080
1185,2025-01-08,S001,P5001,Furniture,6,44889,50,Female,Cash,269334
1186,2025-01-08,S001,P4001,Furniture,12,26186,63,Male,Cash,314232
1187,2025-01-08,S002,P1001,Furniture,1,16959,22,Female,Cash,16959
1188,2025-01-08,S003,P4001,Furniture,14,7784,60,Female,Cash,108976
1189,2025-01-08,S003,P2001,Electronics,14,25652,65,Female,Credit Card,359128
1190,2025-01-08,S002,P3001,Clothing,9,1307,51,Female,Credit Card,11763
1191,2025-01-08,S003,P1001,Clothing,2,46199,57,Female,Cash,92398
1192,2025-01-08,S003,P5001,Clothing,5,2060,28,Male,UPI,10300
1193,2025-01-09,S001,P2001,Clothing,9,657,67,Male,Credit Card,5913
1194,2025-01-09,S003,P4001,Groceries,4,29789,20,Female,UPI,119156
1195,2025-01-09,S003,P2001,Clothing,11,48751,50,Male,Debit Card,536261
1196,2025-01-09,S002,P1001,Groceries,3,13993,28,Male,UPI,41979
1197,2025-01-09,S002,P4001,Groceries,7,32372,33,Female,Cash,226604
1198,2025-01-09,S004,P3001,Furniture,6,982,35,Male,Debit Card,5892
1199,2025-01-09,S001,P2001,Groceries,8,37629,47,Female,Credit Card,301032
1200,2025-01-09,S003,P1001,Electronics,3,38735,65,Male,Credit Card,116205
1201,2025-01-09,S003,P5001,Groceries,5,29635,27,Male,Debit Card,148175
1202,2025-01-09,S004,P4001,Furniture,10,12969,35,Male,UPI,129690
1203,2025-01-09,S003,P2001,Groceries,4,7266,55,Female,Credit Card,29064
1204,2025-01-09,S001,P2001,Electronics,13,13082,36,Male,Cash,170066
1205,2025-01-09,S004,P3001,Electronics,4,40797,53,Male,Debit Card,163188
1206,2025-01-09,S001,P3001,Electronics,4,38215,30,Female,Cash,152860
1207,2025-01-09,S004,P5001,Furniture,10,7369,63,Female,Debit Card,73690
1208,2025-01-09,S004,P5001,Furniture,8,28164,20,Male,Credit Card,225312
1209,2025-01-09,S002,P1001,Clothing,6,13627,27,Female,UPI,81762
1210,2025-01-09,S001,P1001,Furniture,3,2554,55,Male,Debit Card,7662
1211,2025-01-09,S003,P5001,Electronics,10,20978,18,Male,Debit Card,209780
1212,2025-01-09,S003,P5001,Electronics,5,13091,44,Female,Cash,65455
1213,2025-01-09,S001,P4001,Furniture,6,2908,63,Female,Credit Card,17448
1214,2025-01-09,S003,P3001,Groceries,5,39510,25,Female,Cash,197550
1215,2025-01-09,S003,P1001,Furniture,6,36693,68,Male,Credit Card,220158
1216,2025-01-09,S001,P3001,Furniture,8,36404,63,Female,Cash,291232
1217,2025-01-10,S004,P3001,Electronics,7,30486,59,Male,Debit Card,213402
1218,2025-01-10,S001,P5001,Clothing,5,48177,34,Female,Cash,240885
1219,2025-01-10,S004,P4001,Electronics,10,3902,26,Male,UPI,39020
1220,2025-01-10,S003,P2001,Clothing,6,28853,23,Female,Credit Card,173118
1221,2025-01-10,S003,P4001,Electronics,14,21183,60,Male,Credit Card,296562
1222,2025-01-10,S003,P4001,Furniture,4,18454,42,Female,Debit Card,73816
1223,2025-01-10,S002,P3001,Electronics,12,22290,56,Male,Credit Card,267480
1224,2025-01-10,S004,P4001,Electronics,9,6242,66,Female,UPI,56178
1225,2025-01-10,S002,P1001,Electronics,13,28498,45,Female,Cash,370474
1226,2025-01-10,S002,P3001,Furniture,4,41962,50,Male,Debit Card,167848
1227,2025-01-10,S001,P1001,Furniture,1,33232,54,Female,UPI,33232
1228,2025-01-10,S002,P2001,Furniture,7,19603,26,Male,Credit Card,137221
1229,2025-01-10,S001,P3001,Furniture,7,48556,35,Male,Credit Card,339892
1230,2025-01-10,S001,P2001,Clothing,4,34731,38,Female,UPI,138924
1231,2025-01-10,S002,P3001,Clothing,13,16599,19,Male,Cash,215787
1232,2025-01-10,S004,P5001,Groceries,14,39952,60,Female,Cash,559328
1233,2025-01-10,S004,P4001,Furniture,3,8116,55,Female,Debit Card,24348
1234,2025-01-10,S004,P5001,Clothing,8,2484,57,Male,Credit Card,19872
1235,2025-01-10,S004,P2001,Electronics,5,15172,53,Female,UPI,75860
1236,2025-01-10,S004,P4001,Furniture,10,36803,67,Male,Cash,368030
1237,2025-01-10,S002,P3001,Groceries,7,45995,60,Male,Debit Card,321965
1238,2025-01-10,S002,P4001,Groceries,4,14582,54,Female,Credit Card,58328
1239,2025-01-10,S003,P1001,Groceries,4,40610,32,Female,Credit Card,162440
1240,2025-01-10,S004,P4001,Electronics,8,49033,45,Male,Debit Card,392264
1241,2025-01-11,S002,P1001,Clothing,14,21926,35,Male,Debit Card,306964
1242,2025-01-11,S003,P4001,Electronics,8,2590,51,Female,Cash,20720
1243,2025-01-11,S004,P1001,Furniture,2,46192,39,Female,UPI,92384
1244,2025-01-11,S001,P2001,Groceries,14,25618,28,Female,Credit Card,358652
1245,2025-01-11,S003,P5001,Electronics,2,24145,30,Female,UPI,48290
1246,2025-01-11,S002,P3001,Electronics,3,27010,21,Male,Credit Card,81030
1247,2025-01-11,S001,P4001,Clothing,12,24666,39,Female,Credit Card,295992
1248,2025-01-11,S001,P5001,Clothing,12,34005,24,Male,UPI,408060
1249,2025-01-11,S001,P3001,Groceries,3,27203,60,Male,Debit Card,81609
1250,2025-01-11,S003,P3001,Electronics,1,36288,41,Female,Cash,36288
1251,2025-01-11,S002,P1001,Electronics,14,5945,21,Male,Credit Card,83230
1252,2025-01-11,S001,P2001,Clothing,3,21262,45,Female,Debit Card,63786
1253,2025-01-11,S004,P2001,Electronics,6,36774,32,Male,Credit Card,220644
1254,2025-01-11,S001,P5001,Electronics,8,19437,18,Female,Cash,155496
1255,2025-01-11,S001,P2001,Electronics,13,22413,20,Male,Credit Card,291369
1256,2025-01-11,S003,P4001,Clothing,12,27043,31,Male,Cash,324516
1257,2025-01-11,S003,P2001,Groceries,14,12513,55,Female,Cash,175182
1258,2025-01-11,S002,P5001,Furniture,10,376,67,Female,Credit Card,3760
1259,2025-01-11,S004,P2001,Groceries,6,17711,18,Male,Credit Card,106266
1260,2025-01-11,S003,P4001,Furniture,5,39205,55,Male,Cash,196025
1261,2025-01-11,S001,P1001,Electronics,4,12044,55,Female,Debit Card,48176
1262,2025-01-11,S002,P5001,Groceries,3,16006,38,Male,UPI,48018
1263,2025-01-11,S001,P1001,Furniture,13,49947,65,Female,Cash,649311
1264,2025-01-11,S001,P1001,Clothing,4,20636,46,Male,Credit Card,82544
1265,2025-01-12,S003,P1001,Clothing,14,27910,22,Female,Credit Card,390740
1266,2025-01-12,S002,P3001,Groceries,7,12406,66,Male,Debit Card,86842
1267,2025-01-12,S004,P3001,Groceries,1,10603,27,Female,UPI,10603
1268,2025-01-12,S004,P1001,Electronics,7,19325,45,Female,Cash,135275
1269,2025-01-12,S003,P5001,Groceries,1,37076,38,Male,Cash,37076
1270,2025-01-12,S003,P4001,Electronics,2,11690,67,Female,UPI,23380
1271,2025-01-12,S002,P4001,Electronics,4,10986,24,Male,Cash,43944
1272,2025-01-12,S004,P2001,Clothing,1,12966,20,Female,UPI,12966
1273,2025-01-12,S004,P5001,Clothing,11,1188,62,Female,Credit Card,13068
1274,2025-01-12,S004,P3001,Furniture,12,3463,64,Female,UPI,41556
1275,2025-01-12,S001,P1001,Clothing,11,32892,37,Male,Cash,361812
1276,2025-01-12,S004,P2001,Clothing,11,9864,36,Female,UPI,108504
1277,2025-01-12,S001,P4001,Groceries,9,20720,52,Male,Debit Card,186480
1278,2025-01-12,S002,P3001,Clothing,12,42827,21,Female,Credit Card,513924
1279,2025-01-12,S001,P3001,Furniture,6,13035,22,Male,Credit Card,78210
1280,2025-01-12,S002,P1001,Groceries,13,8168,18,Male,UPI,106184
1281,2025-01-12,S004,P4001,Furniture,1,7395,21,Male,Cash,7395
1282,2025-01-12,S004,P5001,Clothing,1,41260,29,Female,Debit Card,41260
1283,2025-01-12,S002,P3001,Furniture,6,11490,44,Male,Credit Card,68940
1284,2025-01-12,S003,P1001,Groceries,4,41316,59,Female,Credit Card,165264
1285,2025-01-12,S002,P5001,Electronics,4,20231,40,Male,Cash,80924
1286,2025-01-12,S003,P4001,Furniture,11,29318,42,Male,Cash,322498
1287,2025-01-12,S001,P3001,Furniture,6,10533,38,Male,Debit Card,63198
1288,2025-01-12,S001,P5001,Groceries,14,15138,69,Male,UPI,211932
1289,2025-01-13,S001,P5001,Groceries,12,28282,41,Female,Cash,339384
1290,2025-01-13,S004,P5001,Furniture,11,11628,42,Male,UPI,127908
1291,2025-01-13,S001,P3001,Clothing,7,21381,62,Male,Debit Card,149667
1292,2025-01-13,S003,P3001,Furniture,9,48611,63,Female,UPI,437499
1293,2025-01-13,S001,P2001,Groceries,10,8705,49,Male,Credit Card,87050
1294,2025-01-13,S002,P4001,Electronics,5,34882,49,Male,UPI,174410
1295,2025-01-13,S002,P1001,Electronics,9,1481,22,Male,Debit Card,13329
1296,2025-01-13,S004,P5001,Clothing,4,1198,53,Male,Debit Card,4792
1297,2025-01-13,S002,P2001,Furniture,13,19910,63,Female,Debit Card,258830
1298,2025-01-13,S003,P1001,Electronics,10,24422,59,Female,UPI,244220
1299,2025-01-13,S001,P2001,Furniture,2,41969,66,Male,Credit Card,83938
1300,2025-01-13,S004,P3001,Groceries,3,33055,59,Female,Cash,99165
1301,2025-01-13,S001,P5001,Electronics,13,44816,56,Female,Credit Card,582608
1302,2025-01-13,S001,P1001,Clothing,11,10307,33,Male,UPI,113377
1303,2025-01-13,S003,P1001,Groceries,1,21893,50,Female,UPI,21893
1304,2025-01-13,S002,P1001,Clothing,14,2192,66,Male,Cash,30688
1305,2025-01-13,S002,P1001,Groceries,14,28320,38,Female,UPI,396480
1306,2025-01-13,S001,P1001,Electronics,6,18614,26,Female,Debit Card,111684
1307,2025-01-13,S004,P2001,Clothing,13,38110,23,Female,Debit Card,495430
1308,2025-01-13,S002,P5001,Clothing,6,8649,68,Male,Debit Card,51894
1309,2025-01-13,S004,P3001,Groceries,1,22131,62,Female,Debit Card,22131
1310,2025-01-13,S002,P3001,Clothing,11,5285,52,Male,Debit Card,58135
1311,2025-01-13,S004,P3001,Groceries,13,15371,56,Male,UPI,199823
1312,2025-01-13,S003,P3001,Groceries,3,5876,39,Female,Cash,17628
1313,2025-01-14,S004,P2001,Groceries,5,12549,58,Male,Cash,62745
1314,2025-01-14,S003,P4001,Groceries,3,24397,22,Female,Debit Card,73191
1315,2025-01-14,S003,P5001,Electronics,10,40691,59,Male,UPI,406910
1316,2025-01-14,S004,P1001,Groceries,3,15817,40,Male,Credit Card,47451
1317,2025-01-14,S003,P4001,Furniture,14,40223,34,Female,Credit Card,563122
1318,2025-01-14,S001,P3001,Clothing,10,39333,29,Female,UPI,393330
1319,2025-01-14,S003,P4001,Furniture,3,45605,40,Female,Debit Card,136815
1320,2025-01-14,S002,P5001,Electronics,5,46192,33,Female,Cash,230960
1321,2025-01-14,S004,P1001,Furniture,13,10450,20,Male,UPI,135850
1322,2025-01-14,S001,P1001,Clothing,5,30722,47,Male,Credit Card,153610
1323,2025-01-14,S004,P5001,Furniture,4,35423,39,Male,Credit Card,141692
1324,2025-01-14,S002,P5001,Electronics,1,3051,26,Female,Credit Card,3051
1325,2025-01-14,S002,P3001,Groceries,5,17722,46,Male,Debit Card,88610
1326,2025-01-14,S002,P1001,Furniture,10,4827,64,Female,Credit Card,48270
1327,2025-01-14,S003,P4001,Electronics,5,38554,54,Male,UPI,192770
1328,2025-01-14,S003,P2001,Electronics,4,36569,40,Female,UPI,146276
1329,2025-01-14,S004,P2001,Clothing,6,35648,30,Male,Credit Card,213888
1330,2025-01-14,S004,P5001,Clothing,10,23882,49,Male,UPI,238820
1331,2025-01-14,S001,P3001,Furniture,4,28554,63,Female,Credit Card,114216
1332,2025-01-14,S001,P2001,Groceries,14,2468,69,Male,Credit Card,34552
1333,2025-01-14,S004,P1001,Electronics,7,15692,64,Female,Cash,109844
1334,2025-01-14,S003,P5001,Furniture,7,22273,65,Male,Debit Card,155911
1335,2025-01-14,S002,P4001,Electronics,2,33304,40,Male,Debit Card,66608
1336,2025-01-14,S004,P5001,Electronics,3,35696,62,Female,Cash,107088
1337,2025-01-15,S001,P4001,Groceries,1,34424,34,Female,Cash,34424
1338,2025-01-15,S003,P5001,Groceries,8,46232,57,Male,Debit Card,369856
1339,2025-01-15,S004,P5001,Furniture,9,23964,38,Male,Credit Card,215676
1340,2025-01-15,S004,P5001,Groceries,4,47929,19,Male,Credit Card,191716
1341,2025-01-15,S003,P4001,Groceries,6,30850,54,Male,Debit Card,185100
1342,2025-01-15,S004,P4001,Furniture,9,10676,23,Male,Credit Card,96084
1343,2025-01-15,S003,P5001,Groceries,6,16666,61,Male,Cash,99996
1344,2025-01-15,S002,P2001,Clothing,14,7290,35,Female,Credit Card,102060
1345,2025-01-15,S003,P3001,Electronics,12,23171,47,Female,Credit Card,278052
1346,2025-01-15,S003,P3001,Electronics,12,38433,39,Female,UPI,461196
1347,2025-01-15,S003,P3001,Electronics,12,15469,50,Male,UPI,185628
1348,2025-01-15,S004,P4001,Electronics,9,24135,47,Male,UPI,217215
1349,2025-01-15,S004,P4001,Furniture,4,1689,34,Male,Credit Card,6756
1350,2025-01-15,S003,P2001,Electronics,8,25335,60,Female,Debit Card,202680
1351,2025-01-15,S004,P3001,Electronics,9,259,49,Female,Cash,2331
1352,2025-01-15,S001,P3001,Electronics,4,12245,59,Male,Credit Card,48980
1353,2025-01-15,S001,P5001,Electronics,5,15473,68,Male,Debit Card,77365
1354,2025-01-15,S004,P4001,Clothing,14,32021,31,Female,Credit Card,448294
1355,2025-01-15,S004,P3001,Electronics,8,39423,27,Female,Cash,315384
1356,2025-01-15,S003,P2001,Clothing,12,16337,64,Female,Credit Card,196044
1357,2025-01-15,S002,P2001,Furniture,10,42071,68,Male,Cash,420710
1358,2025-01-15,S004,P3001,Groceries,14,8344,53,Male,Credit Card,116816
1359,2025-01-15,S001,P4001,Electronics,6,14843,51,Male,Cash,89058
1360,2025-01-15,S003,P2001,Groceries,12,31666,26,Female,Credit Card,379992
1361,2025-01-16,S004,P5001,Groceries,7,46201,59,Female,Cash,323407
1362,2025-01-16,S001,P2001,Furniture,3,46209,45,Male,UPI,138627
1363,2025-01-16,S001,P1001,Groceries,7,18791,28,Male,Credit Card,131537
1364,2025-01-16,S002,P1001,Clothing,12,34096,31,Female,Credit Card,409152
1365,2025-01-16,S003,P4001,Groceries,14,5690,56,Male,Debit Card,79660
1366,2025-01-16,S003,P3001,Groceries,8,5685,64,Female,Debit Card,45480
1367,2025-01-16,S002,P4001,Groceries,10,9327,36,Female,Cash,93270
1368,2025-01-16,S002,P4001,Electronics,6,28378,32,Male,Credit Card,170268
1369,2025-01-16,S003,P4001,Electronics,10,38914,45,Female,Cash,389140
1370,2025-01-16,S003,P4001,Clothing,9,12337,41,Male,UPI,111033
1371,2025-01-16,S004,P5001,Clothing,13,15749,25,Female,Debit Card,204737
1372,2025-01-16,S004,P5001,Electronics,6,37813,60,Female,Cash,226878
1373,2025-01-16,S002,P2001,Clothing,12,8027,26,Male,Cash,96324
1374,2025-01-16,S004,P1001,Electronics,9,45509,64,Female,Debit Card,409581
1375,2025-01-16,S001,P4001,Furniture,13,48866,50,Male,Credit Card,635258
1376,2025-01-16,S004,P2001,Groceries,4,46254,50,Male,Cash,185016
1377,2025-01-16,S004,P1001,Groceries,8,7116,36,Female,Debit Card,56928
1378,2025-01-16,S001,P3001,Clothing,11,14127,20,Male,Credit Card,155397
1379,2025-01-16,S002,P5001,Electronics,4,48788,27,Male,UPI,195152
1380,2025-01-16,S001,P1001,Electronics,2,24242,57,Male,Debit Card,48484
1381,2025-01-16,S004,P3001,Clothing,10,46620,64,Male,Cash,466200
1382,2025-01-16,S002,P1001,Electronics,11,23645,59,Male,UPI,260095
1383,2025-01-16,S004,P5001,Furniture,9,31997,18,Male,Credit Card,287973
1384,2025-01-16,S001,P5001,Groceries,5,3267,46,Female,Credit Card,16335
1385,2025-01-17,S001,P2001,Clothing,4,44857,67,Male,Debit Card,179428
1386,2025-01-17,S004,P4001,Clothing,2,27017,51,Female,Debit Card,54034
1387,2025-01-17,S003,P1001,Electronics,1,22836,68,Female,Debit Card,22836
1388,2025-01-17,S003,P1001,Clothing,11,28090,30,Male,Credit Card,308990
1389,2025-01-17,S001,P3001,Furniture,7,14187,18,Female,UPI,99309
1390,2025-01-17,S001,P5001,Electronics,6,22540,51,Female,Credit Card,135240
1391,2025-01-17,S003,P1001,Electronics,2,35305,46,Male,Cash,70610
1392,2025-01-17,S003,P5001,Electronics,8,15375,65,Male,Credit Card,123000
1393,2025-01-17,S004,P1001,Electronics,11,5376,64,Male,Cash,59136
1394,2025-01-17,S004,P2001,Furniture,4,41727,30,Female,UPI,166908
1395,2025-01-17,S003,P4001,Electronics,8,40686,65,Female,Debit Card,325488
1396,2025-01-17,S004,P1001,Clothing,7,37596,66,Male,Debit Card,263172
1397,2025-01-17,S004,P5001,Furniture,5,19108,46,Male,Credit Card,95540
1398,2025-01-17,S002,P2001,Groceries,10,5838,56,Female,Debit Card,58380
1399,2025-01-17,S004,P1001,Groceries,10,32502,41,Female,UPI,325020
1400,2025-01-17,S001,P3001,Clothing,12,5893,43,Female,Debit Card,70716
1401,2025-01-17,S004,P4001,Clothing,8,37391,34,Female,Credit Card,299128
1402,2025-01-17,S004,P1001,Furniture,14,5671,24,Male,UPI,79394
1403,2025-01-17,S003,P2001,Groceries,9,31431,30,Female,Cash,282879
1404,2025-01-17,S001,P3001,Groceries,5,16309,22,Female,Credit Card,81545
1405,2025-01-17,S004,P2001,Groceries,10,48114,43,Female,Cash,481140
1406,2025-01-17,S004,P2001,Groceries,5,25494,66,Female,UPI,127470
1407,2025-01-17,S002,P3001,Groceries,2,43248,20,Male,Credit Card,86496
1408,2025-01-17,S004,P2001,Electronics,5,25782,24,Male,Credit Card,128910
1409,2025-01-18,S004,P3001,Clothing,3,2324,66,Female,UPI,6972
1410,2025-01-18,S002,P1001,Electronics,7,41257,56,Female,Debit Card,288799
1411,2025-01-18,S003,P3001,Groceries,10,48795,18,Male,Credit Card,487950
1412,2025-01-18,S004,P3001,Furniture,5,44552,66,Male,Credit Card,222760
1413,2025-01-18,S002,P4001,Furniture,8,43508,34,Female,Cash,348064
1414,2025-01-18,S001,P3001,Groceries,1,32541,60,Female,Debit Card,32541
1415,2025-01-18,S003,P3001,Groceries,3,41530,42,Male,Cash,124590
1416,2025-01-18,S001,P1001,Furniture,3,39229,20,Male,Cash,117687
1417,2025-01-18,S001,P4001,Electronics,9,34816,32,Male,Debit Card,313344
1418,2025-01-18,S002,P5001,Electronics,5,44959,46,Male,Debit Card,224795
1419,2025-01-18,S004,P1001,Groceries,12,26686,60,Male,UPI,320232
1420,2025-01-18,S002,P1001,Electronics,9,44860,49,Male,Debit Card,403740
1421,2025-01-18,S002,P5001,Furniture,13,23578,43,Female,Credit Card,306514
1422,2025-01-18,S002,P3001,Electronics,9,6418,33,Male,Debit Card,57762
1423,2025-01-18,S002,P2001,Groceries,1,28794,42,Male,UPI,28794
1424,2025-01-18,S003,P4001,Furniture,2,20280,45,Male,UPI,40560
1425,2025-01-18,S004,P2001,Electronics,5,12280,26,Male,UPI,61400
1426,2025-01-18,S001,P5001,Clothing,4,33102,18,Female,Debit Card,132408
1427,2025-01-18,S001,P1001,Furniture,10,15472,46,Female,Debit Card,154720
1428,2025-01-18,S004,P1001,Furniture,9,29896,39,Male,Cash,269064
1429,2025-01-18,S001,P4001,Clothing,7,24527,33,Female,Cash,171689
1430,2025-01-18,S004,P1001,Clothing,6,33390,58,Female,Credit Card,200340
1431,2025-01-18,S001,P1001,Furniture,7,28199,68,Female,Cash,197393
1432,2025-01-18,S002,P4001,Clothing,1,45586,61,Female,Credit Card,45586
1433,2025-01-19,S001,P4001,Groceries,1,9921,68,Female,UPI,9921
1434,2025-01-19,S004,P5001,Groceries,8,5932,58,Female,Cash,47456
1435,2025-01-19,S004,P1001,Groceries,13,12920,24,Male,Debit Card,167960
1436,2025-01-19,S004,P1001,Furniture,13,16311,31,Male,Cash,212043
1437,2025-01-19,S004,P5001,Clothing,2,39990,46,Male,Credit Card,79980
1438,2025-01-19,S004,P3001,Clothing,12,5942,36,Male,Cash,71304
1439,2025-01-19,S003,P3001,Electronics,10,1416,36,Male,UPI,14160
1440,2025-01-19,S003,P3001,Electronics,11,46068,19,Female,Debit Card,506748
1441,2025-01-19,S001,P5001,Clothing,9,17608,58,Male,Credit Card,158472
1442,2025-01-19,S004,P1001,Clothing,7,22105,62,Male,Debit Card,154735
1443,2025-01-19,S001,P5001,Clothing,6,15306,32,Female,Debit Card,91836
1444,2025-01-19,S004,P5001,Furniture,1,19071,20,Female,Credit Card,19071
1445,2025-01-19,S004,P3001,Clothing,1,25699,28,Male,Debit Card,25699
1446,2025-01-19,S003,P2001,Electronics,2,22156,63,Female,Debit Card,44312
1447,2025-01-19,S003,P1001,Furniture,6,1478,47,Female,Cash,8868
1448,2025-01-19,S002,P3001,Clothing,14,1619,57,Female,Debit Card,22666
1449,2025-01-19,S003,P2001,Electronics,6,22261,35,Female,Debit Card,133566
1450,2025-01-19,S002,P2001,Furniture,2,40803,68,Male,Debit Card,81606
1451,2025-01-19,S002,P4001,Clothing,1,38961,65,Female,Debit Card,38961
1452,2025-01-19,S002,P1001,Clothing,10,5455,19,Male,Credit Card,54550
1453,2025-01-19,S002,P2001,Clothing,5,9183,49,Male,UPI,45915
1454,2025-01-19,S002,P3001,Furniture,5,38442,25,Female,Cash,192210
1455,2025-01-19,S001,P4001,Electronics,2,20556,39,Female,Debit Card,41112
1456,2025-01-19,S003,P1001,Electronics,6,13424,23,Female,Debit Card,80544
1457,2025-01-20,S002,P5001,Groceries,9,2357,29,Male,Credit Card,21213
1458,2025-01-20,S004,P3001,Clothing,2,27464,64,Female,UPI,54928
1459,2025-01-20,S003,P2001,Groceries,10,25072,57,Female,Debit Card,250720
1460,2025-01-20,S003,P2001,Groceries,2,46279,53,Female,Credit Card,92558
1461,2025-01-20,S002,P3001,Electronics,3,26754,32,Female,Cash,80262
1462,2025-01-20,S001,P2001,Furniture,13,15333,45,Female,Cash,199329
1463,2025-01-20,S002,P4001,Furniture,7,15987,69,Male,Debit Card,111909
1464,2025-01-20,S001,P1001,Electronics,6,29420,66,Female,Debit Card,176520
1465,2025-01-20,S004,P4001,Furniture,12,20908,62,Female,UPI,250896
1466,2025-01-20,S003,P2001,Groceries,8,30254,35,Female,UPI,242032
1467,2025-01-20,S004,P5001,Clothing,8,34873,19,Male,Debit Card,278984
1468,2025-01-20,S001,P1001,Electronics,6,27847,30,Female,Credit Card,167082
1469,2025-01-20,S001,P1001,Clothing,12,10960,62,Male,UPI,131520
1470,2025-01-20,S004,P3001,Furniture,11,42938,32,Male,Debit Card,472318
1471,2025-01-20,S001,P3001,Clothing,10,42256,37,Female,UPI,422560
1472,2025-01-20,S004,P5001,Furniture,3,18256,46,Female,Debit Card,54768
1473,2025-01-20,S003,P1001,Furniture,3,20460,59,Female,Cash,61380
1474,2025-01-20,S004,P5001,Groceries,1,18235,46,Male,Debit Card,18235
1475,2025-01-20,S003,P3001,Furniture,7,25451,20,Male,Cash,178157
1476,2025-01-20,S004,P3001,Groceries,5,30599,36,Male,UPI,152995
1477,2025-01-20,S001,P1001,Groceries,4,47477,20,Male,Debit Card,189908
1478,2025-01-20,S004,P4001,Groceries,10,23654,31,Male,UPI,236540
1479,2025-01-20,S001,P2001,Electronics,4,49231,57,Male,Cash,196924
1480,2025-01-20,S004,P3001,Electronics,14,19704,21,Female,Debit Card,275856
1481,2025-01-21,S004,P3001,Furniture,4,17023,69,Female,UPI,68092
1482,2025-01-21,S002,P4001,Groceries,6,47691,28,Male,Cash,286146
1483,2025-01-21,S001,P4001,Electronics,8,8647,48,Female,UPI,69176
1484,2025-01-21,S002,P5001,Groceries,8,44383,60,Female,Credit Card,355064
1485,2025-01-21,S001,P5001,Clothing,5,33102,49,Male,Cash,165510
1486,2025-01-21,S002,P2001,Clothing,6,14662,44,Male,Cash,87972
1487,2025-01-21,S003,P2001,Clothing,4,7580,47,Female,Cash,30320
1488,2025-01-21,S004,P1001,Furniture,12,26772,60,Male,Debit Card,321264
1489,2025-01-21,S001,P5001,Groceries,14,4313,19,Male,Debit Card,60382
1490,2025-01-21,S001,P3001,Clothing,11,10393,66,Female,Debit Card,114323
1491,2025-01-21,S004,P5001,Electronics,13,34541,26,Male,Credit Card,449033
1492,2025-01-21,S001,P3001,Clothing,9,2200,45,Female,Credit Card,19800
1493,2025-01-21,S001,P4001,Clothing,8,44717,48,Female,Cash,357736
1494,2025-01-21,S002,P5001,Clothing,10,28272,51,Female,Credit Card,282720
1495,2025-01-21,S001,P4001,Furniture,12,20232,32,Female,UPI,242784
1496,2025-01-21,S003,P2001,Electronics,10,18299,65,Female,Cash,182990
1497,2025-01-21,S003,P2001,Groceries,1,36709,42,Male,Cash,36709
1498,2025-01-21,S004,P1001,Electronics,2,43065,53,Male,UPI,86130
1499,2025-01-21,S001,P5001,Groceries,9,8116,25,Male,Cash,73044
1500,2025-01-21,S004,P4001,Furniture,8,39879,26,Male,Credit Card,319032
1501,2025-01-21,S003,P3001,Furniture,14,37361,54,Female,Debit Card,523054
1502,2025-01-21,S001,P2001,Furniture,3,31981,65,Female,UPI,95943
1503,2025-01-21,S001,P2001,Furniture,8,17158,62,Male,Credit Card,137264
1504,2025-01-21,S004,P3001,Groceries,12,24572,56,Female,UPI,294864
1505,2025-01-22,S003,P4001,Clothing,1,41446,49,Male,UPI,41446
1506,2025-01-22,S001,P4001,Groceries,10,35026,69,Male,Cash,350260
1507,2025-01-22,S004,P5001,Electronics,4,34932,34,Male,Cash,139728
1508,2025-01-22,S003,P5001,Furniture,3,36121,52,Female,Credit Card,108363
1509,2025-01-22,S004,P1001,Furniture,6,24187,54,Female,UPI,145122
1510,2025-01-22,S002,P2001,Electronics,7,12928,36,Female,Cash,90496
1511,2025-01-22,S001,P5001,Groceries,4,31228,61,Female,Cash,124912
1512,2025-01-22,S002,P4001,Clothing,7,1501,46,Male,UPI,10507
1513,2025-01-22,S003,P3001,Clothing,9,19743,24,Female,Credit Card,177687
1514,2025-01-22,S002,P4001,Electronics,11,15293,45,Female,Credit Card,168223
1515,2025-01-22,S002,P2001,Clothing,2,26953,26,Female,UPI,53906
1516,2025-01-22,S003,P4001,Groceries,11,44964,45,Male,Credit Card,494604
1517,2025-01-22,S004,P1001,Groceries,3,20407,23,Male,Cash,61221
1518,2025-01-22,S002,P2001,Electronics,5,37082,46,Female,UPI,185410
1519,2025-01-22,S004,P3001,Groceries,3,19711,34,Female,Cash,59133
1520,2025-01-22,S002,P1001,Furniture,11,43891,33,Female,Debit Card,482801
1521,2025-01-22,S004,P2001,Electronics,8,12050,40,Female,Debit Card,96400
1522,2025-01-22,S003,P3001,Groceries,12,10804,48,Male,Credit Card,129648
1523,2025-01-22,S002,P1001,Electronics,10,43211,20,Female,Debit Card,432110
1524,2025-01-22,S003,P1001,Clothing,8,11967,38,Female,Cash,95736
1525,2025-01-22,S002,P2001,Groceries,8,2845,43,Female,Debit Card,22760
1526,2025-01-22,S003,P5001,Furniture,12,3966,53,Male,Cash,47592
1527,2025-01-22,S003,P1001,Groceries,12,32345,59,Male,Credit Card,388140
1528,2025-01-22,S002,P1001,Electronics,9,44824,54,Female,Credit Card,403416
1529,2025-01-23,S002,P3001,Electronics,4,5918,39,Female,Cash,23672
1530,2025-01-23,S002,P4001,Groceries,5,48961,59,Female,Debit Card,244805
1531,2025-01-23,S001,P2001,Furniture,5,30216,29,Female,Credit Card,151080
1532,2025-01-23,S004,P2001,Furniture,8,15593,59,Female,UPI,124744
1533,2025-01-23,S001,P5001,Furniture,7,28138,30,Male,Credit Card,196966
1534,2025-01-23,S001,P5001,Electronics,9,20547,28,Male,Debit Card,184923
1535,2025-01-23,S003,P2001,Groceries,14,30531,33,Male,UPI,427434
1536,2025-01-23,S002,P5001,Clothing,8,18008,25,Female,Debit Card,144064
1537,2025-01-23,S004,P3001,Electronics,2,29436,57,Male,Cash,58872
1538,2025-01-23,S003,P2001,Furniture,10,41092,57,Male,UPI,410920
1539,2025-01-23,S001,P5001,Groceries,12,4125,62,Male,Debit Card,49500
1540,2025-01-23,S002,P2001,Furniture,4,20193,19,Female,UPI,80772
1541,2025-01-23,S003,P4001,Clothing,6,6255,47,Female,Debit Card,37530
1542,2025-01-23,S002,P1001,Furniture,12,46707,47,Male,UPI,560484
1543,2025-01-23,S003,P2001,Furniture,2,33587,29,Female,Debit Card,67174
1544,2025-01-23,S002,P1001,Clothing,7,47758,27,Male,Cash,334306
1545,2025-01-23,S001,P5001,Groceries,3,21063,61,Male,UPI,63189
1546,2025-01-23,S004,P1001,Electronics,13,21036,28,Male,UPI,273468
1547,2025-01-23,S001,P2001,Groceries,3,4526,32,Male,UPI,13578
1548,2025-01-23,S004,P4001,Clothing,11,23403,33,Female,UPI,257433
1549,2025-01-23,S002,P5001,Furniture,2,45380,34,Female,Cash,90760
1550,2025-01-23,S003,P2001,Groceries,11,27706,43,Female,UPI,304766
1551,2025-01-23,S001,P5001,Electronics,8,47932,19,Female,Credit Card,383456
1552,2025-01-23,S004,P3001,Clothing,6,28251,67,Male,Cash,169506
1553,2025-01-24,S001,P1001,Groceries,1,13867,29,Female,Credit Card,13867
1554,2025-01-24,S004,P3001,Electronics,12,11408,68,Male,UPI,136896
1555,2025-01-24,S001,P2001,Clothing,1,44345,43,Female,Debit Card,44345
1556,2025-01-24,S004,P4001,Electronics,7,45771,40,Female,Credit Card,320397
1557,2025-01-24,S004,P5001,Clothing,8,24870,35,Female,UPI,198960
1558,2025-01-24,S002,P1001,Furniture,5,28672,49,Male,Credit Card,143360
1559,2025-01-24,S004,P5001,Groceries,12,41548,66,Male,UPI,498576
1560,2025-01-24,S002,P2001,Electronics,11,2304,55,Male,UPI,25344
1561,2025-01-24,S004,P5001,Clothing,5,27333,64,Male,UPI,136665
1562,2025-01-24,S003,P1001,Electronics,4,21829,20,Female,Debit Card,87316
1563,2025-01-24,S003,P2001,Electronics,14,31231,55,Male,Credit Card,437234
1564,2025-01-24,S003,P5001,Groceries,6,33970,20,Male,Cash,203820
1565,2025-01-24,S004,P4001,Furniture,14,38111,47,Female,Cash,533554
1566,2025-01-24,S002,P2001,Electronics,6,39482,18,Female,Cash,236892
1567,2025-01-24,S002,P2001,Clothing,3,49167,47,Male,Cash,147501
1568,2025-01-24,S004,P4001,Clothing,9,41575,62,Female,UPI,374175
1569,2025-01-24,S003,P3001,Furniture,12,46781,49,Male,Credit Card,561372
1570,2025-01-24,S003,P1001,Clothing,11,21707,45,Female,Credit Card,238777
1571,2025-01-24,S002,P3001,Furniture,14,25068,38,Male,Debit Card,350952
1572,2025-01-24,S003,P5001,Clothing,7,33498,63,Male,Credit Card,234486
1573,2025-01-24,S001,P4001,Groceries,1,12008,30,Male,Credit Card,12008
1574,2025-01-24,S002,P3001,Electronics,13,26523,44,Male,Credit Card,344799
1575,2025-01-24,S003,P2001,Groceries,7,43715,53,Male,Debit Card,306005
1576,2025-01-24,S002,P5001,Electronics,5,9271,24,Female,Cash,46355
1577,2025-01-25,S001,P5001,Electronics,5,12821,39,Male,Credit Card,64105
1578,2025-01-25,S002,P3001,Electronics,14,49529,27,Male,Debit Card,693406
1579,2025-01-25,S002,P3001,Groceries,13,16716,56,Male,Debit Card,217308
1580,2025-01-25,S002,P4001,Electronics,2,42612,32,Male,UPI,85224
1581,2025-01-25,S002,P1001,Groceries,4,38558,32,Male,Debit Card,154232
1582,2025-01-25,S001,P3001,Furniture,12,46269,21,Female,Cash,555228
1583,2025-01-25,S004,P3001,Clothing,6,7759,49,Female,Credit Card,46554
1584,2025-01-25,S002,P2001,Clothing,10,43469,40,Male,Debit Card,434690
1585,2025-01-25,S002,P5001,Electronics,11,11804,23,Female,Cash,129844
1586,2025-01-25,S003,P1001,Groceries,7,32893,41,Male,Debit Card,230251
1587,2025-01-25,S002,P2001,Clothing,11,48252,37,Female,Debit Card,530772
1588,2025-01-25,S003,P4001,Groceries,5,46573,54,Female,Debit Card,232865
1589,2025-01-25,S004,P4001,Groceries,9,31326,37,Male,Debit Card,281934
1590,2025-01-25,S001,P3001,Electronics,3,23952,29,Female,Debit Card,71856
1591,2025-01-25,S001,P3001,Clothing,1,32182,50,Female,Cash,32182
1592,2025-01-25,S004,P4001,Electronics,4,22894,45,Male,Credit Card,91576
1593,2025-01-25,S001,P3001,Electronics,9,41520,25,Male,Credit Card,373680
1594,2025-01-25,S004,P1001,Clothing,4,13479,18,Female,Credit Card,53916
1595,2025-01-25,S004,P3001,Clothing,2,7106,54,Female,Credit Card,14212
1596,2025-01-25,S004,P5001,Furniture,10,8782,39,Female,Cash,87820
1597,2025-01-25,S001,P3001,Furniture,14,33940,23,Male,UPI,475160
1598,2025-01-25,S003,P2001,Groceries,14,32530,38,Female,UPI,455420
1599,2025-01-25,S004,P1001,Clothing,5,23191,49,Female,Cash,115955
1600,2025-01-25,S002,P2001,Furniture,3,33083,52,Female,Cash,99249
1601,2025-01-26,S001,P2001,Groceries,13,24089,32,Male,Debit Card,313157
1602,2025-01-26,S004,P5001,Groceries,12,10015,22,Male,Debit Card,120180
1603,2025-01-26,S004,P1001,Groceries,13,42652,63,Male,Debit Card,554476
1604,2025-01-26,S002,P1001,Furniture,9,19090,67,Male,Credit Card,171810
1605,2025-01-26,S003,P1001,Clothing,4,24834,65,Female,Debit Card,99336
1606,2025-01-26,S003,P1001,Electronics,6,14924,23,Male,UPI,89544
1607,2025-01-26,S003,P1001,Groceries,2,36181,42,Female,Credit Card,72362
1608,2025-01-26,S004,P5001,Furniture,6,11133,63,Female,Debit Card,66798
1609,2025-01-26,S004,P3001,Furniture,3,42836,57,Female,Credit Card,128508
1610,2025-01-26,S004,P2001,Electronics,12,16341,46,Female,UPI,196092
1611,2025-01-26,S001,P1001,Electronics,12,6039,24,Male,Debit Card,72468
1612,2025-01-26,S002,P3001,Furniture,9,47564,57,Male,UPI,428076
1613,2025-01-26,S004,P3001,Clothing,11,47662,30,Male,UPI,524282
1614,2025-01-26,S002,P2001,Electronics,2,35163,55,Male,UPI,70326
1615,2025-01-26,S002,P5001,Furniture,12,34564,35,Male,Debit Card,414768
1616,2025-01-26,S003,P4001,Electronics,12,11285,19,Female,Cash,135420
1617,2025-01-26,S001,P4001,Clothing,9,27145,25,Male,Debit Card,244305
1618,2025-01-26,S004,P3001,Groceries,5,44869,28,Male,UPI,224345
1619,2025-01-26,S003,P2001,Electronics,8,47218,50,Male,Debit Card,377744
1620,2025-01-26,S003,P4001,Clothing,2,19267,55,Male,UPI,38534
1621,2025-01-26,S004,P3001,Furniture,6,36512,65,Female,Cash,219072
1622,2025-01-26,S002,P5001,Electronics,3,21725,44,Female,Credit Card,65175
1623,2025-01-26,S003,P4001,Electronics,12,39288,37,Female,Cash,471456
1624,2025-01-26,S002,P3001,Furniture,12,27176,29,Female,Cash,326112
1625,2025-01-27,S001,P3001,Groceries,14,44705,60,Female,Credit Card,625870
1626,2025-01-27,S002,P1001,Furniture,10,19129,48,Male,Debit Card,191290
1627,2025-01-27,S001,P5001,Electronics,5,23073,44,Female,Credit Card,115365
1628,2025-01-27,S002,P1001,Furniture,12,39221,49,Female,Debit Card,470652
1629,2025-01-27,S003,P2001,Clothing,8,31533,27,Female,Debit Card,252264
1630,2025-01-27,S003,P1001,Furniture,10,43409,20,Male,UPI,434090
1631,2025-01-27,S001,P1001,Electronics,14,2032,62,Male,UPI,28448
1632,2025-01-27,S004,P4001,Furniture,1,44354,44,Female,Credit Card,44354
1633,2025-01-27,S001,P3001,Groceries,5,1857,52,Male,Cash,9285
1634,2025-01-27,S001,P5001,Furniture,3,30822,48,Male,Credit Card,92466
1635,2025-01-27,S002,P1001,Groceries,4,37953,32,Female,Debit Card,151812
1636,2025-01-27,S002,P5001,Clothing,2,38505,33,Male,UPI,77010
1637,2025-01-27,S001,P1001,Groceries,9,1216,30,Male,Credit Card,10944
1638,2025-01-27,S003,P2001,Furniture,3,43627,66,Male,Credit Card,130881
1639,2025-01-27,S002,P1001,Electronics,2,11791,52,Female,UPI,23582
1640,2025-01-27,S004,P4001,Groceries,10,592,69,Female,UPI,5920
1641,2025-01-27,S002,P3001,Clothing,11,27982,28,Female,UPI,307802
1642,2025-01-27,S002,P2001,Groceries,9,8911,38,Male,Debit Card,80199
1643,2025-01-27,S004,P1001,Groceries,7,27908,68,Female,UPI,195356
1644,2025-01-27,S001,P5001,Groceries,6,24372,28,Male,Cash,146232
1645,2025-01-27,S004,P2001,Clothing,1,28499,47,Male,Credit Card,28499
1646,2025-01-27,S001,P2001,Furniture,5,6574,65,Male,UPI,32870
1647,2025-01-27,S001,P1001,Groceries,12,27056,52,Female,UPI,324672
1648,2025-01-27,S001,P2001,Groceries,11,47253,39,Female,Debit Card,519783
1649,2025-01-28,S004,P5001,Electronics,14,42606,55,Female,Debit Card,596484
1650,2025-01-28,S001,P2001,Clothing,11,14079,48,Female,Credit Card,154869
1651,2025-01-28,S003,P5001,Groceries,3,44623,31,Male,Cash,133869
1652,2025-01-28,S004,P1001,Clothing,1,42665,41,Female,Credit Card,42665
1653,2025-01-28,S003,P3001,Groceries,4,28428,67,Male,UPI,113712
1654,2025-01-28,S001,P2001,Furniture,13,47475,66,Female,Cash,617175
1655,2025-01-28,S002,P3001,Furniture,2,12967,49,Female,Cash,25934
1656,2025-01-28,S001,P5001,Groceries,2,25951,53,Female,Cash,51902
1657,2025-01-28,S003,P2001,Furniture,3,31379,49,Male,Cash,94137
1658,2025-01-28,S003,P4001,Groceries,8,30627,32,Male,Credit Card,245016
1659,2025-01-28,S004,P3001,Furniture,8,7966,60,Male,Debit Card,63728
1660,2025-01-28,S002,P2001,Electronics,12,15549,52,Male,Debit Card,186588
1661,2025-01-28,S004,P3001,Electronics,7,10785,20,Male,UPI,75495
1662,2025-01-28,S003,P2001,Electronics,6,23644,33,Female,Debit Card,141864
1663,2025-01-28,S001,P1001,Clothing,9,5551,22,Male,Debit Card,49959
1664,2025-01-28,S002,P3001,Clothing,4,21742,38,Male,Debit Card,86968
1665,2025-01-28,S001,P4001,Electronics,12,41416,27,Male,Debit Card,496992
1666,2025-01-28,S001,P4001,Clothing,1,40054,36,Male,UPI,40054
1667,2025-01-28,S002,P5001,Furniture,8,38970,42,Female,Credit Card,311760
1668,2025-01-28,S004,P2001,Groceries,7,31130,21,Male,Cash,217910
1669,2025-01-28,S001,P3001,Groceries,7,30973,46,Female,Debit Card,216811
1670,2025-01-28,S003,P5001,Groceries,3,719,36,Female,Credit Card,2157
1671,2025-01-28,S001,P3001,Electronics,4,33750,60,Female,Debit Card,135000
1672,2025-01-28,S002,P2001,Clothing,10,25472,19,Male,Debit Card,254720
1673,2025-01-29,S002,P4001,Furniture,9,3742,27,Female,Cash,33678
1674,2025-01-29,S002,P1001,Furniture,6,28101,60,Male,Cash,168606
1675,2025-01-29,S004,P4001,Electronics,5,34164,42,Male,Cash,170820
1676,2025-01-29,S001,P5001,Furniture,3,29390,37,Male,Debit Card,88170
1677,2025-01-29,S004,P1001,Furniture,9,14222,65,Male,Debit Card,127998
1678,2025-01-29,S004,P5001,Furniture,5,24920,36,Male,Debit Card,124600
1679,2025-01-29,S002,P2001,Furniture,5,2995,40,Female,Cash,14975
1680,2025-01-29,S002,P1001,Clothing,14,5466,41,Female,UPI,76524
1681,2025-01-29,S004,P5001,Furniture,4,8811,28,Male,Credit Card,35244
1682,2025-01-29,S001,P2001,Groceries,14,19696,63,Female,UPI,275744
1683,2025-01-29,S003,P4001,Electronics,4,18893,51,Male,Debit Card,75572
1684,2025-01-29,S004,P2001,Clothing,12,8299,45,Female,Debit Card,99588
1685,2025-01-29,S001,P3001,Furniture,1,10817,22,Female,UPI,10817
1686,2025-01-29,S002,P2001,Clothing,7,36291,22,Female,Debit Card,254037
1687,2025-01-29,S002,P2001,Furniture,9,10311,68,Female,Credit Card,92799
1688,2025-01-29,S001,P3001,Groceries,3,45650,38,Female,Debit Card,136950
1689,2025-01-29,S003,P5001,Electronics,12,23460,29,Male,Credit Card,281520
1690,2025-01-29,S002,P5001,Furniture,13,21642,67,Male,UPI,281346
1691,2025-01-29,S002,P2001,Furniture,2,31412,21,Female,UPI,62824
1692,2025-01-29,S002,P3001,Furniture,3,45342,66,Male,Debit Card,136026
1693,2025-01-29,S001,P3001,Furniture,1,36535,59,Female,Credit Card,36535
1694,2025-01-29,S004,P4001,Electronics,6,28347,37,Male,Debit Card,170082
1695,2025-01-29,S002,P5001,Electronics,11,22457,55,Female,Cash,247027
1696,2025-01-29,S004,P1001,Groceries,11,41145,42,Female,Cash,452595
1697,2025-01-30,S003,P5001,Electronics,7,27791,31,Female,Cash,194537
1698,2025-01-30,S002,P5001,Furniture,11,12524,28,Male,Cash,137764
1699,2025-01-30,S002,P4001,Groceries,11,18952,49,Male,Debit Card,208472
1700,2025-01-30,S003,P1001,Groceries,2,22701,28,Female,Cash,45402
1701,2025-01-30,S002,P4001,Groceries,8,18120,35,Female,Credit Card,144960
1702,2025-01-30,S004,P1001,Furniture,14,8255,44,Male,UPI,115570
1703,2025-01-30,S001,P2001,Clothing,6,3683,35,Male,UPI,22098
1704,2025-01-30,S004,P1001,Furniture,14,15615,40,Male,Cash,218610
1705,2025-01-30,S001,P4001,Electronics,4,36877,28,Male,Cash,147508
1706,2025-01-30,S001,P5001,Electronics,5,19810,38,Male,Cash,99050
1707,2025-01-30,S004,P1001,Furniture,8,43278,61,Female,Debit Card,346224
1708,2025-01-30,S004,P1001,Furniture,14,24632,22,Male,UPI,344848
1709,2025-01-30,S004,P3001,Groceries,3,18701,40,Female,Cash,56103
1710,2025-01-30,S004,P5001,Furniture,3,5067,58,Female,Credit Card,15201
1711,2025-01-30,S003,P2001,Groceries,14,18853,42,Male,Cash,263942
1712,2025-01-30,S002,P4001,Electronics,14,20122,58,Male,UPI,281708
1713,2025-01-30,S001,P2001,Groceries,11,43563,27,Female,Cash,479193
1714,2025-01-30,S004,P5001,Furniture,4,9235,39,Male,UPI,36940
1715,2025-01-30,S004,P1001,Electronics,1,5822,36,Female,Cash,5822
1716,2025-01-30,S004,P1001,Clothing,9,27513,18,Male,Credit Card,247617
1717,2025-01-30,S003,P5001,Groceries,8,27336,24,Male,Cash,218688
1718,2025-01-30,S004,P1001,Electronics,8,15614,21,Male,Credit Card,124912
1719,2025-01-30,S004,P1001,Groceries,14,43996,18,Female,Credit Card,615944
1720,2025-01-30,S004,P1001,Electronics,10,37312,32,Male,Cash,373120
1721,2025-01-31,S002,P4001,Electronics,6,40486,57,Female,Credit Card,242916
1722,2025-01-31,S003,P4001,Groceries,7,20431,29,Male,Debit Card,143017
1723,2025-01-31,S004,P3001,Clothing,6,18160,39,Female,Cash,108960
1724,2025-01-31,S001,P2001,Electronics,9,1296,39,Male,Cash,11664
1725,2025-01-31,S001,P5001,Electronics,3,12397,67,Female,Credit Card,37191
1726,2025-01-31,S001,P5001,Electronics,14,2887,64,Female,Credit Card,40418
1727,2025-01-31,S003,P5001,Clothing,3,23916,34,Female,Cash,71748
1728,2025-01-31,S003,P3001,Clothing,3,40795,46,Female,Debit Card,122385
1729,2025-01-31,S001,P4001,Furniture,10,19802,63,Female,Credit Card,198020
1730,2025-01-31,S004,P3001,Groceries,3,25342,31,Female,Credit Card,76026
1731,2025-01-31,S003,P5001,Clothing,9,2276,67,Male,UPI,20484
1732,2025-01-31,S001,P2001,Groceries,12,20227,37,Female,Debit Card,242724
1733,2025-01-31,S001,P1001,Furniture,4,41660,67,Female,Debit Card,166640
1734,2025-01-31,S004,P4001,Groceries,13,27328,65,Female,Cash,355264
1735,2025-01-31,S002,P4001,Clothing,7,20308,50,Male,Debit Card,142156
1736,2025-01-31,S003,P3001,Groceries,14,28582,60,Male,Cash,400148
1737,2025-01-31,S004,P4001,Clothing,9,9271,32,Male,UPI,83439
1738,2025-01-31,S001,P5001,Groceries,11,35319,29,Female,Debit Card,388509
1739,2025-01-31,S001,P5001,Clothing,12,33496,57,Male,Credit Card,401952
1740,2025-01-31,S004,P3001,Clothing,7,42689,37,Male,UPI,298823
1741,2025-01-31,S003,P5001,Groceries,9,40646,47,Female,Cash,365814
1742,2025-01-31,S002,P2001,Furniture,12,3796,55,Female,UPI,45552
1743,2025-01-31,S002,P3001,Electronics,3,20158,20,Male,Cash,60474
1744,2025-01-31,S001,P2001,Furniture,4,20413,45,Female,UPI,81652
1745,2025-02-01,S003,P1001,Groceries,14,19249,43,Female,Cash,269486
1746,2025-02-01,S002,P2001,Furniture,8,45840,47,Female,Debit Card,366720
1747,2025-02-01,S003,P1001,Clothing,6,41175,30,Female,Credit Card,247050
1748,2025-02-01,S003,P1001,Electronics,5,5056,30,Male,Cash,25280
1749,2025-02-01,S001,P2001,Groceries,13,10295,19,Female,UPI,133835
1750,2025-02-01,S002,P3001,Groceries,4,17176,54,Male,Cash,68704
1751,2025-02-01,S004,P5001,Groceries,8,1205,66,Male,Cash,9640
1752,2025-02-01,S001,P5001,Electronics,1,15517,55,Male,Cash,15517
1753,2025-02-01,S002,P1001,Clothing,14,24829,19,Male,UPI,347606
1754,2025-02-01,S002,P1001,Groceries,9,47056,53,Female,Credit Card,423504
1755,2025-02-01,S002,P3001,Furniture,1,30199,43,Female,Debit Card,30199
1756,2025-02-01,S002,P4001,Groceries,8,32698,28,Female,Credit Card,261584
1757,2025-02-01,S002,P2001,Groceries,4,30061,25,Male,Cash,120244
1758,2025-02-01,S003,P1001,Groceries,9,12702,61,Male,UPI,114318
1759,2025-02-01,S001,P5001,Groceries,14,9356,57,Male,Credit Card,130984
1760,2025-02-01,S003,P3001,Clothing,11,20684,60,Female,Cash,227524
1761,2025-02-01,S004,P2001,Furniture,5,47080,39,Male,Debit Card,235400
1762,2025-02-01,S002,P3001,Clothing,3,34781,37,Female,Debit Card,104343
1763,2025-02-01,S001,P2001,Furniture,9,25892,25,Female,Debit Card,233028
1764,2025-02-01,S002,P2001,Groceries,11,22004,46,Female,Cash,242044
1765,2025-02-01,S001,P1001,Electronics,14,43461,57,Female,UPI,608454
1766,2025-02-01,S003,P3001,Clothing,14,34640,43,Male,Credit Card,484960
1767,2025-02-01,S001,P3001,Electronics,9,26636,47,Female,Debit Card,239724
1768,2025-02-01,S004,P5001,Clothing,4,19264,34,Male,Cash,77056
1769,2025-02-02,S004,P5001,Groceries,11,13096,37,Female,Cash,144056
1770,2025-02-02,S001,P1001,Clothing,4,2971,69,Male,Credit Card,11884
1771,2025-02-02,S001,P1001,Groceries,12,46102,33,Male,Debit Card,553224
1772,2025-02-02,S001,P4001,Clothing,8,49912,63,Female,Cash,399296
1773,2025-02-02,S001,P5001,Groceries,2,22726,60,Female,Credit Card,45452
1774,2025-02-02,S004,P2001,Groceries,9,10621,24,Female,UPI,95589
1775,2025-02-02,S002,P3001,Furniture,13,43510,33,Male,UPI,565630
1776,2025-02-02,S001,P1001,Groceries,14,1232,62,Female,UPI,17248
1777,2025-02-02,S001,P3001,Furniture,6,33567,64,Female,Debit Card,201402
1778,2025-02-02,S004,P3001,Groceries,9,14634,65,Male,Credit Card,131706
1779,2025-02-02,S004,P4001,Electronics,8,23954,44,Female,Credit Card,191632
1780,2025-02-02,S003,P5001,Groceries,7,43098,40,Male,Cash,301686
1781,2025-02-02,S001,P1001,Electronics,13,39165,41,Female,Cash,509145
1782,2025-02-02,S003,P3001,Electronics,14,45707,26,Male,Cash,639898
1783,2025-02-02,S004,P1001,Groceries,1,7912,52,Male,Credit Card,7912
1784,2025-02-02,S004,P2001,Electronics,14,4657,68,Female,Cash,65198
1785,2025-02-02,S002,P4001,Furniture,12,2279,37,Male,Credit Card,27348
1786,2025-02-02,S001,P2001,Clothing,3,43898,54,Female,Credit Card,131694
1787,2025-02-02,S003,P1001,Groceries,11,9165,59,Female,UPI,100815
1788,2025-02-02,S004,P1001,Electronics,14,8375,34,Male,Cash,117250
1789,2025-02-02,S004,P5001,Groceries,2,47957,64,Female,UPI,95914
1790,2025-02-02,S003,P3001,Furniture,5,36048,48,Male,Debit Card,180240
1791,2025-02-02,S002,P3001,Groceries,5,20800,25,Male,Debit Card,104000
1792,2025-02-02,S004,P2001,Groceries,5,39564,32,Male,Debit Card,197820
1793,2025-02-03,S001,P4001,Electronics,4,42451,48,Male,Credit Card,169804
1794,2025-02-03,S004,P3001,Furniture,5,27894,47,Male,Credit Card,139470
1795,2025-02-03,S001,P5001,Clothing,3,28883,63,Male,Credit Card,86649
1796,2025-02-03,S003,P2001,Clothing,12,17098,37,Male,Cash,205176
1797,2025-02-03,S001,P2001,Electronics,1,13969,56,Male,UPI,13969
1798,2025-02-03,S003,P5001,Groceries,5,44625,29,Female,Credit Card,223125
1799,2025-02-03,S001,P4001,Electronics,13,28252,66,Female,UPI,367276
1800,2025-02-03,S003,P5001,Electronics,9,21054,34,Male,UPI,189486
1801,2025-02-03,S001,P4001,Electronics,13,31655,59,Female,UPI,411515
1802,2025-02-03,S002,P5001,Groceries,9,16754,47,Female,Cash,150786
1803,2025-02-03,S001,P5001,Furniture,4,45126,46,Female,Cash,180504
1804,2025-02-03,S001,P1001,Electronics,3,35336,36,Female,Debit Card,106008
1805,2025-02-03,S002,P2001,Groceries,1,47076,63,Female,Debit Card,47076
1806,2025-02-03,S004,P5001,Furniture,2,15142,28,Female,UPI,30284
1807,2025-02-03,S004,P5001,Electronics,8,26066,51,Male,Debit Card,208528
1808,2025-02-03,S001,P3001,Clothing,1,48507,67,Female,UPI,48507
1809,2025-02-03,S002,P2001,Furniture,8,44414,24,Female,Cash,355312
1810,2025-02-03,S001,P3001,Electronics,13,45195,61,Female,Cash,587535
1811,2025-02-03,S003,P2001,Furniture,7,14370,51,Female,Cash,100590
1812,2025-02-03,S003,P3001,Furniture,8,31008,37,Male,Credit Card,248064
1813,2025-02-03,S001,P5001,Furniture,12,15623,67,Male,UPI,187476
1814,2025-02-03,S004,P5001,Furniture,6,47168,55,Male,Cash,283008
1815,2025-02-03,S004,P1001,Furniture,12,20091,41,Male,UPI,241092
1816,2025-02-03,S001,P3001,Furniture,14,10875,27,Female,Debit Card,152250
1817,2025-02-04,S001,P4001,Electronics,9,12365,49,Male,Debit Card,111285
1818,2025-02-04,S003,P1001,Clothing,3,19559,69,Male,Cash,58677
1819,2025-02-04,S004,P3001,Groceries,10,16773,32,Male,UPI,167730
1820,2025-02-04,S001,P3001,Furniture,4,27156,54,Male,Cash,108624
1821,2025-02-04,S003,P1001,Groceries,13,6714,37,Female,Debit Card,87282
1822,2025-02-04,S004,P5001,Electronics,6,36120,20,Male,Cash,216720
1823,2025-02-04,S002,P3001,Furniture,8,7515,54,Female,UPI,60120
1824,2025-02-04,S003,P5001,Clothing,5,23255,57,Male,Debit Card,116275
1825,2025-02-04,S004,P1001,Groceries,3,49530,25,Female,Credit Card,148590
1826,2025-02-04,S004,P5001,Furniture,6,43984,57,Female,Debit Card,263904
1827,2025-02-04,S003,P2001,Electronics,4,17064,61,Male,Credit Card,68256
1828,2025-02-04,S002,P4001,Clothing,9,37826,40,Male,Cash,340434
1829,2025-02-04,S003,P3001,Groceries,13,37144,57,Male,Cash,482872
1830,2025-02-04,S004,P4001,Groceries,3,37644,28,Male,UPI,112932
1831,2025-02-04,S001,P5001,Furniture,4,32352,63,Female,Credit Card,129408
1832,2025-02-04,S001,P3001,Clothing,7,3932,25,Female,Cash,27524
1833,2025-02-04,S003,P5001,Clothing,7,25375,46,Male,Credit Card,177625
1834,2025-02-04,S004,P2001,Clothing,12,15001,47,Male,Cash,180012
1835,2025-02-04,S001,P1001,Clothing,12,38313,27,Female,Debit Card,459756
1836,2025-02-04,S004,P3001,Electronics,4,34248,56,Male,Cash,136992
1837,2025-02-04,S003,P2001,Clothing,6,42733,45,Female,UPI,256398
1838,2025-02-04,S001,P2001,Groceries,12,23018,66,Male,Debit Card,276216
1839,2025-02-04,S004,P3001,Groceries,13,46794,53,Female,UPI,608322
1840,2025-02-04,S001,P5001,Electronics,3,19640,30,Female,Debit Card,58920
1841,2025-02-05,S003,P2001,Groceries,6,11680,49,Female,Credit Card,70080
1842,2025-02-05,S004,P4001,Groceries,12,38502,53,Female,UPI,462024
1843,2025-02-05,S001,P2001,Clothing,2,38678,54,Female,Cash,77356
1844,2025-02-05,S003,P5001,Groceries,8,25017,43,Male,Credit Card,200136
1845,2025-02-05,S001,P5001,Electronics,2,22418,39,Female,Cash,44836
1846,2025-02-05,S001,P4001,Clothing,11,10279,21,Male,Debit Card,113069
1847,2025-02-05,S002,P2001,Furniture,7,12351,48,Female,Debit Card,86457
1848,2025-02-05,S002,P5001,Clothing,9,45999,35,Female,Cash,413991
1849,2025-02-05,S003,P3001,Electronics,1,19593,55,Male,Cash,19593
1850,2025-02-05,S002,P1001,Clothing,8,20566,41,Male,Credit Card,164528
1851,2025-02-05,S003,P1001,Clothing,7,30306,40,Male,Cash,212142
1852,2025-02-05,S002,P1001,Electronics,6,45575,39,Male,UPI,273450
1853,2025-02-05,S001,P2001,Clothing,6,19724,19,Female,UPI,118344
1854,2025-02-05,S003,P4001,Electronics,6,26664,48,Male,Cash,159984
1855,2025-02-05,S003,P5001,Electronics,9,22512,28,Female,UPI,202608
1856,2025-02-05,S001,P3001,Furniture,2,28090,45,Male,Cash,56180
1857,2025-02-05,S003,P3001,Groceries,1,35617,63,Male,Credit Card,35617
1858,2025-02-05,S003,P2001,Groceries,13,13256,49,Female,UPI,172328
1859,2025-02-05,S002,P1001,Clothing,12,23164,22,Female,UPI,277968
1860,2025-02-05,S003,P2001,Clothing,6,25811,55,Male,Cash,154866
1861,2025-02-05,S004,P4001,Furniture,10,30206,27,Female,UPI,302060
1862,2025-02-05,S001,P4001,Furniture,11,16689,57,Female,Debit Card,183579
1863,2025-02-05,S002,P5001,Furniture,8,23836,63,Female,Credit Card,190688
1864,2025-02-05,S002,P5001,Electronics,3,21075,41,Female,Credit Card,63225
1865,2025-02-06,S004,P4001,Furniture,12,36318,52,Female,UPI,435816
1866,2025-02-06,S001,P4001,Furniture,10,7314,61,Female,UPI,73140
1867,2025-02-06,S001,P4001,Clothing,1,30681,65,Female,Debit Card,30681
1868,2025-02-06,S002,P2001,Furniture,9,20295,40,Female,Debit Card,182655
1869,2025-02-06,S003,P4001,Electronics,13,44682,34,Male,UPI,580866
1870,2025-02-06,S002,P3001,Electronics,13,27227,18,Female,UPI,353951
1871,2025-02-06,S001,P1001,Clothing,1,5241,48,Male,Debit Card,5241
1872,2025-02-06,S004,P4001,Furniture,3,28984,48,Female,Cash,86952
1873,2025-02-06,S002,P1001,Furniture,8,24985,59,Female,Debit Card,199880
1874,2025-02-06,S001,P2001,Electronics,14,2808,59,Female,Cash,39312
1875,2025-02-06,S002,P1001,Furniture,3,18475,51,Female,Credit Card,55425
1876,2025-02-06,S003,P2001,Furniture,13,15188,26,Male,Credit Card,197444
1877,2025-02-06,S002,P3001,Furniture,4,44702,39,Male,Debit Card,178808
1878,2025-02-06,S002,P2001,Groceries,8,45146,30,Female,Cash,361168
1879,2025-02-06,S001,P2001,Clothing,1,10114,42,Male,Debit Card,10114
1880,2025-02-06,S001,P5001,Groceries,13,3373,65,Female,Debit Card,43849
1881,2025-02-06,S001,P4001,Clothing,13,47235,35,Female,Cash,614055
1882,2025-02-06,S002,P4001,Electronics,6,37406,68,Male,Debit Card,224436
1883,2025-02-06,S003,P3001,Furniture,1,30981,29,Male,Credit Card,30981
1884,2025-02-06,S004,P3001,Clothing,14,31586,57,Female,UPI,442204
1885,2025-02-06,S004,P4001,Groceries,1,12641,34,Female,UPI,12641
1886,2025-02-06,S001,P5001,Furniture,14,8812,32,Male,Debit Card,123368
1887,2025-02-06,S001,P4001,Electronics,8,9268,59,Female,Cash,74144
1888,2025-02-06,S002,P5001,Clothing,11,3651,32,Male,Cash,40161
1889,2025-02-07,S004,P3001,Clothing,4,12397,32,Female,Credit Card,49588
1890,2025-02-07,S001,P1001,Clothing,12,43833,56,Female,Cash,525996
1891,2025-02-07,S003,P3001,Furniture,1,27228,30,Male,Cash,27228
1892,2025-02-07,S003,P3001,Groceries,10,2932,34,Male,Credit Card,29320
1893,2025-02-07,S001,P2001,Groceries,7,28583,49,Male,Debit Card,200081
1894,2025-02-07,S001,P2001,Clothing,5,22163,26,Female,UPI,110815
1895,2025-02-07,S004,P2001,Electronics,5,23063,57,Female,Credit Card,115315
1896,2025-02-07,S004,P2001,Electronics,1,13522,37,Female,Debit Card,13522
1897,2025-02-07,S002,P5001,Groceries,14,33020,43,Female,Credit Card,462280
1898,2025-02-07,S004,P4001,Electronics,10,11256,44,Male,Debit Card,112560
1899,2025-02-07,S003,P1001,Groceries,11,11208,38,Female,Credit Card,123288
1900,2025-02-07,S003,P3001,Clothing,6,31945,35,Female,Debit Card,191670
1901,2025-02-07,S001,P5001,Groceries,14,2900,30,Female,Credit Card,40600
1902,2025-02-07,S004,P1001,Groceries,9,38178,33,Male,Debit Card,343602
1903,2025-02-07,S002,P5001,Clothing,9,42812,26,Female,Credit Card,385308
1904,2025-02-07,S003,P5001,Electronics,8,2710,29,Female,UPI,21680
1905,2025-02-07,S003,P3001,Groceries,5,12167,61,Male,UPI,60835
1906,2025-02-07,S002,P4001,Groceries,1,33972,55,Female,Cash,33972
1907,2025-02-07,S002,P2001,Clothing,9,10828,36,Female,Debit Card,97452
1908,2025-02-07,S003,P4001,Electronics,1,29666,24,Male,Credit Card,29666
1909,2025-02-07,S003,P3001,Groceries,8,29883,52,Female,Debit Card,239064
1910,2025-02-07,S002,P3001,Clothing,5,20683,65,Female,UPI,103415
1911,2025-02-07,S003,P3001,Groceries,3,20338,35,Female,Debit Card,61014
1912,2025-02-07,S001,P1001,Furniture,11,7363,33,Male,Credit Card,80993
1913,2025-02-08,S001,P4001,Clothing,7,2014,56,Female,Debit Card,14098
1914,2025-02-08,S002,P4001,Electronics,7,23849,21,Female,Credit Card,166943
1915,2025-02-08,S004,P5001,Electronics,9,19556,42,Male,UPI,176004
1916,2025-02-08,S002,P5001,Electronics,7,25682,49,Male,UPI,179774
1917,2025-02-08,S002,P5001,Electronics,13,506,57,Female,UPI,6578
1918,2025-02-08,S004,P3001,Groceries,11,13789,30,Female,Cash,151679
1919,2025-02-08,S004,P4001,Groceries,14,33034,62,Female,UPI,462476
1920,2025-02-08,S004,P3001,Electronics,3,33376,34,Female,Debit Card,100128
1921,2025-02-08,S001,P1001,Electronics,11,36532,66,Male,Cash,401852
1922,2025-02-08,S003,P5001,Electronics,13,19973,54,Female,UPI,259649
1923,2025-02-08,S001,P3001,Groceries,14,13150,23,Male,Debit Card,184100
1924,2025-02-08,S003,P3001,Electronics,13,780,36,Male,Debit Card,10140
1925,2025-02-08,S001,P1001,Electronics,1,19008,30,Female,Debit Card,19008
1926,2025-02-08,S003,P2001,Furniture,8,18604,43,Female,Credit Card,148832
1927,2025-02-08,S001,P4001,Furniture,12,21744,31,Male,Cash,260928
1928,2025-02-08,S004,P2001,Electronics,3,37225,48,Male,Debit Card,111675
1929,2025-02-08,S002,P5001,Clothing,12,1463,21,Female,Credit Card,17556
1930,2025-02-08,S001,P3001,Electronics,8,42391,56,Male,UPI,339128
1931,2025-02-08,S003,P1001,Furniture,8,35160,25,Female,Debit Card,281280
1932,2025-02-08,S004,P1001,Clothing,13,1638,42,Female,Credit Card,21294
1933,2025-02-08,S001,P4001,Clothing,5,36276,30,Male,Debit Card,181380
1934,2025-02-08,S001,P2001,Electronics,13,41620,49,Male,Cash,541060
1935,2025-02-08,S004,P4001,Furniture,12,25775,55,Female,Cash,309300
1936,2025-02-08,S001,P3001,Furniture,13,18387,55,Male,UPI,239031
1937,2025-02-09,S002,P4001,Clothing,1,274,45,Female,Debit Card,274
1938,2025-02-09,S001,P1001,Electronics,13,26832,47,Female,Credit Card,348816
1939,2025-02-09,S002,P1001,Groceries,10,35098,20,Female,UPI,350980
1940,2025-02-09,S002,P5001,Groceries,7,37155,45,Male,Debit Card,260085
1941,2025-02-09,S004,P5001,Furniture,12,12212,20,Female,UPI,146544
1942,2025-02-09,S001,P3001,Groceries,10,39974,62,Female,Credit Card,399740
1943,2025-02-09,S004,P2001,Furniture,5,9789,51,Female,UPI,48945
1944,2025-02-09,S001,P4001,Furniture,8,44914,33,Female,UPI,359312
1945,2025-02-09,S001,P3001,Furniture,9,19655,39,Female,UPI,176895
1946,2025-02-09,S003,P5001,Groceries,11,34019,49,Female,Debit Card,374209
1947,2025-02-09,S001,P4001,Furniture,14,7719,55,Female,Credit Card,108066
1948,2025-02-09,S004,P5001,Clothing,7,6133,25,Female,Cash,42931
1949,2025-02-09,S002,P4001,Electronics,14,41428,25,Female,Debit Card,579992
1950,2025-02-09,S001,P2001,Electronics,13,5046,23,Female,Cash,65598
1951,2025-02-09,S003,P3001,Furniture,7,24718,31,Female,Cash,173026
1952,2025-02-09,S004,P4001,Electronics,1,34775,49,Male,Debit Card,34775
1953,2025-02-09,S001,P1001,Groceries,4,36358,52,Female,Debit Card,145432
1954,2025-02-09,S004,P1001,Groceries,2,19019,27,Female,Credit Card,38038
1955,2025-02-09,S003,P4001,Electronics,2,4273,20,Female,Credit Card,8546
1956,2025-02-09,S003,P4001,Groceries,2,43933,29,Male,UPI,87866
1957,2025-02-09,S004,P4001,Electronics,4,26500,66,Female,Cash,106000
1958,2025-02-09,S001,P1001,Electronics,14,4869,48,Male,Credit Card,68166
1959,2025-02-09,S002,P1001,Electronics,1,37664,46,Female,UPI,37664
1960,2025-02-09,S003,P4001,Furniture,4,45914,22,Female,Credit Card,183656
1961,2025-02-10,S001,P5001,Electronics,2,14311,69,Male,Debit Card,28622
1962,2025-02-10,S001,P5001,Furniture,5,23355,42,Female,Credit Card,116775
1963,2025-02-10,S002,P2001,Electronics,3,28062,58,Male,Cash,84186
1964,2025-02-10,S003,P3001,Electronics,12,19456,48,Male,Credit Card,233472
1965,2025-02-10,S003,P5001,Electronics,8,20406,38,Female,Cash,163248
1966,2025-02-10,S001,P1001,Groceries,4,5097,37,Female,Debit Card,20388
1967,2025-02-10,S001,P5001,Furniture,1,17476,56,Female,Cash,17476
1968,2025-02-10,S002,P2001,Furniture,1,40980,39,Female,Credit Card,40980
1969,2025-02-10,S002,P2001,Electronics,12,38155,21,Male,UPI,457860
1970,2025-02-10,S003,P3001,Electronics,10,10678,30,Male,Debit Card,106780
1971,2025-02-10,S004,P5001,Groceries,3,18724,62,Female,Credit Card,56172
1972,2025-02-10,S003,P1001,Groceries,9,39294,59,Male,Debit Card,353646
1973,2025-02-10,S001,P1001,Groceries,7,44467,67,Male,Debit Card,311269
1974,2025-02-10,S003,P4001,Furniture,2,489,66,Female,Credit Card,978
1975,2025-02-10,S004,P1001,Furniture,13,33867,37,Male,Credit Card,440271
1976,2025-02-10,S002,P3001,Furniture,9,45680,69,Male,UPI,411120
1977,2025-02-10,S004,P3001,Electronics,10,48467,30,Female,Debit Card,484670
1978,2025-02-10,S004,P1001,Furniture,2,1955,34,Male,Debit Card,3910
1979,2025-02-10,S004,P1001,Clothing,3,40993,53,Female,Credit Card,122979
1980,2025-02-10,S002,P4001,Clothing,11,13894,50,Male,Cash,152834
1981,2025-02-10,S004,P1001,Groceries,13,35631,18,Female,Credit Card,463203
1982,2025-02-10,S004,P4001,Furniture,10,5086,32,Male,Debit Card,50860
1983,2025-02-10,S004,P4001,Clothing,14,32398,30,Male,Credit Card,453572
1984,2025-02-10,S001,P1001,Groceries,2,1581,34,Female,UPI,3162
1985,2025-02-11,S004,P2001,Furniture,3,3831,41,Female,Cash,11493
1986,2025-02-11,S002,P2001,Electronics,6,16935,25,Female,Credit Card,101610
1987,2025-02-11,S004,P4001,Clothing,9,27898,67,Female,UPI,251082
1988,2025-02-11,S004,P1001,Electronics,9,26213,44,Male,Debit Card,235917
1989,2025-02-11,S002,P2001,Furniture,7,19577,62,Male,Credit Card,137039
1990,2025-02-11,S004,P1001,Clothing,12,17366,40,Male,Debit Card,208392
1991,2025-02-11,S002,P1001,Furniture,3,20892,63,Female,UPI,62676
1992,2025-02-11,S004,P1001,Electronics,4,20552,25,Male,Debit Card,82208
1993,2025-02-11,S002,P5001,Clothing,6,43626,25,Male,UPI,261756
1994,2025-02-11,S004,P1001,Electronics,11,49179,43,Female,UPI,540969
1995,2025-02-11,S004,P5001,Furniture,5,41434,64,Female,UPI,207170
1996,2025-02-11,S001,P4001,Furniture,2,11989,30,Male,Credit Card,23978
1997,2025-02-11,S001,P2001,Electronics,13,24435,56,Female,Debit Card,317655
1998,2025-02-11,S004,P2001,Clothing,6,11354,54,Male,Debit Card,68124
1999,2025-02-11,S004,P2001,Electronics,3,21174,66,Male,Cash,63522
2000,2025-02-11,S003,P2001,Furniture,14,11542,45,Female,Cash,161588
